X,Species,Year,Day,Zscore,BdStatus,SVL,Cover,Latitude,Longitude,ppt,tmin,tmax,tmean,elev,Group size,other.species
1,AL,2014-07,-24,1.32,1,3.34,log,36.58642,-121.89856,0.05,54.6,61.8,68.9,456,4,13
2,AL,2014-07,-24,0,0,6.27,log,36.58642,-121.89856,0.05,54.6,61.8,68.9,456,4,13
3,AL,2014-07,-24,0.0505,1,6.57,log,36.58642,-121.89856,0.05,54.6,61.8,68.9,456,4,13
4,AL,2014-07,-24,0.52,1,7.82,log,36.58642,-121.89856,0.05,54.6,61.8,68.9,456,4,13
5,AL,2014-07,-24,0,0,7.41,rotten log,36.58631,-121.89506,0.01,56.1,62.8,69.5,217,4,0
6,AL,2014-07,-24,0,0,6.44,rotten log,36.58631,-121.89506,0.01,56.1,62.8,69.5,217,4,0
7,AL,2014-07,-24,0,0,6.21,rotten log,36.58631,-121.89506,0.01,56.1,62.8,69.5,217,4,0
8,AL,2014-07,-24,0,0,6.55,rotten log,36.58631,-121.89506,0.01,56.1,62.8,69.5,217,4,0
9,AL,2014-08,-16,3.4,1,6.16,log,36.60109,-121.90894,0,55.6,62.3,69,456,3,0
10,AL,2014-08,-16,0,0,4.24,log,36.60109,-121.90894,0,55.6,62.3,69,456,3,0
11,AL,2014-10,-18,0,0,6.13,log,36.58652,-121.89847,0.22,53.2,63.4,73.6,456,3,11
12,AL,2014-10,-18,0,0,5.12,log,36.58643,-121.89828,0.22,53.2,63.4,73.6,456,3,5
13,AL,2014-10,-18,0,0,3.98,log,36.587,-121.89888,0.22,53.2,63.4,73.6,456,3,0
14,AL,2014-11,-12,0,0,2.07,log,36.58652,-121.89857,2.46,49.2,58.4,67.7,456,1,11
15,AL,2014-12,-13,0,0,6.81,log,36.58816,-121.89817,9.04,48.6,55.6,62.6,456,1,0
16,AL,2014-12,-13,0,0,4.51,wood piece,36.58788,-121.89836,9.04,48.6,55.6,62.6,456,1,3
17,AL,2015-01,-17,0,0,2.55,log,36.60927,-121.93083,0,46.6,54.9,63.1,72,1,5
18,AL,2015-02,-7,0,0,6.47,tree ,36.60155,-121.90992,1.37,48.7,58.2,67.7,456,1,0
19,AL,2015-03,-1,0,0,2.65,log,36.5975,-121.91113,0.68,47.8,58.4,69,456,1,5
20,AL,2015-03,-1,1.29,1,5.94,bark,36.61102,-121.93072,0.61,48.9,56.6,64.2,72,1,5
21,AL,2015-03,-1,0,0,4.94,log,36.6109,-121.93098,0.61,48.9,56.6,64.2,72,1,1
22,BL,2014-05,-9,0,0,2.22,log,36.58675,-121.89881,0.14,50.8,59.7,68.7,456,1,0
23,BL,2014-05,-9,0,0,3.3,log,36.58675,-121.89881,0.14,50.8,59.7,68.7,456,1,0
24,BL,2014-05,-9,0,0,2.68,log,36.58679,-121.89892,0.14,50.8,59.7,68.7,456,1,0
25,BL,2014-05,-10,0,0,3.83,wood piece,36.58694,-121.89855,0.14,50.8,59.7,68.7,456,1,0
26,BL,2014-05,-10,0,0,3.52,log,36.58689,-121.89864,0.14,50.8,59.7,68.7,456,1,0
27,BL,2014-05,-10,0,0,4.09,wood piece,36.58684,-121.89864,0.14,50.8,59.7,68.7,456,1,0
28,BL,2014-05,-10,0,0,3.17,branch,36.58771,-121.89775,0.14,50.8,59.7,68.7,456,1,0
29,BL,2014-06,-7,0,0,3.44,rotting wood,36.58765,-121.89785,0.02,50.2,58.1,66.1,456,1,0
30,BL,2014-06,-7,0,0,3.94,rotting wood,36.58764,-121.8978,0.02,50.2,58.1,66.1,456,1,0
31,BL,2014-06,-7,0,0,3.79,rotting wood,36.58763,-121.8977,0.02,50.2,58.1,66.1,456,1,0
32,BL,2014-06,-7,0,0,3.55,rotting wood,36.5879,-121.89757,0.02,50.2,58.1,66.1,456,1,0
33,BL,2014-06,-7,0,0,3.21,log,36.58786,-121.89755,0.02,50.2,58.1,66.1,456,1,0
34,BL,2014-06,-7,0,0,3.9,bark,36.58787,-121.89763,0.02,50.2,58.1,66.1,456,1,0
35,BL,2014-06,-7,0,0,3.21,branch,36.58793,-121.89753,0.02,50.2,58.1,66.1,456,1,0
36,BL,2014-06,-7,0,0,3.4,log,36.588,-121.89747,0.02,50.2,58.1,66.1,456,1,0
37,BL,2014-06,-7,0,0,3.05,wood piece,36.58761,-121.89765,0.02,50.2,58.1,66.1,456,1,0
38,BL,2014-06,-7,0,0,3.95,rotting wood,36.58761,-121.89765,0.02,50.2,58.1,66.1,456,1,0
39,BL,2014-06,-7,0,0,4.44,rotting wood,36.58761,-121.89765,0.02,50.2,58.1,66.1,456,1,0
40,BL,2014-06,-7,0,0,4.18,rotting wood,36.58761,-121.89765,0.02,50.2,58.1,66.1,456,1,0
41,BL,2014-06,-8,0,0,3.74,branch,36.58726,-121.8982,0.02,50.2,58.1,66.1,456,1,0
42,BL,2014-06,-8,0,0,3.57,bark,36.5871,-121.89834,0.02,50.2,58.1,66.1,456,1,0
43,BL,2014-06,-8,0,0,3.35,branch,36.5869,-121.89839,0.02,50.2,58.1,66.1,456,1,0
44,BL,2014-07,-8,0,0,3.86,log,36.58674,-121.89883,0.05,54.6,61.8,68.9,456,1,0
45,BL,2014-07,-11,0,0,3.8,rotting log,36.58766,-121.89782,0.05,54.6,61.8,68.9,456,1,0
46,BL,2014-10,-18,0,0,3.15,log,36.58643,-121.89828,0.22,53.2,63.4,73.6,456,1,1
47,BL,2014-11,-12,0,0,26.7,log,36.58641,-121.89832,2.46,49.2,58.4,67.7,456,1,1
48,BL,2014-11,-12,0,0,3.6,log,36.58654,-121.89823,2.46,49.2,58.4,67.7,456,1,0
49,BL,2014-11,-12,0,0,4.11,wood piece,36.58863,-121.89716,2.46,49.2,58.4,67.7,456,1,0
50,BL,2014-11,-12,0,0,3.11,wood piece,36.58863,-121.89716,2.46,49.2,58.4,67.7,456,1,0
51,BL,2014-11,-12,0,0,3.21,log,36.58874,-121.89695,2.46,49.2,58.4,67.7,456,1,0
52,BL,2014-11,-12,0,0,3.08,log,36.58874,-121.89695,2.46,49.2,58.4,67.7,456,1,0
53,BL,2014-11,-12,0,0,3.31,log,36.58884,-121.89693,2.46,49.2,58.4,67.7,456,1,0
54,BL,2014-11,-12,0,0,2.66,rotting wood,36.58854,-121.89698,2.46,49.2,58.4,67.7,456,1,0
55,BL,2014-11,-12,0,0,2.72,small log,36.58854,-121.89698,2.46,49.2,58.4,67.7,456,1,0
56,BL,2014-11,-23,0,0,2.87,log,36.5871,-121.89879,2.46,49.2,58.4,67.7,456,1,0
57,BL,2014-11,-23,0,0,3.3,branch,36.58701,-121.8988,2.46,49.2,58.4,67.7,456,1,0
58,BL,2014-11,-23,0,0,2.75,bark,36.58701,-121.8988,2.46,49.2,58.4,67.7,456,1,0
59,BL,2014-11,-23,0,0,3,bark pile,36.58693,-121.8989,2.46,49.2,58.4,67.7,456,1,0
60,BL,2014-11,-23,0,0,4.15,bark pile,36.58693,-121.8989,2.46,49.2,58.4,67.7,456,1,0
61,BL,2014-11,-23,0,0,2.7,wood piece,36.54436,-121.91775,2.35,50.5,57.6,64.7,128,1,0
62,BL,2014-11,-23,0,0,2.43,wood piece,36.58696,-121.89896,2.46,49.2,58.4,67.7,456,1,0
63,BL,2014-11,-23,0,0,3.57,wood piece,36.58696,-121.89896,2.46,49.2,58.4,67.7,456,1,0
64,BL,2014-12,-13,0,0,3.09,bark,36.58839,-121.89758,9.04,48.6,55.6,62.6,456,1,0
65,BL,2014-12,-13,0,0,3.83,log,36.58839,-121.89758,9.04,48.6,55.6,62.6,456,1,0
66,BL,2014-12,-13,0,0,3.33,wood piece,36.58833,-121.89764,9.04,48.6,55.6,62.6,456,1,0
67,BL,2014-12,-13,0,0,2.39,bark,36.58847,-121.89758,9.04,48.6,55.6,62.6,456,1,0
68,BL,2014-12,-13,0,0,3.23,bark,36.58847,-121.89758,9.04,48.6,55.6,62.6,456,1,0
69,BL,2014-12,-13,0,0,2.53,wood piece,36.58847,-121.89758,9.04,48.6,55.6,62.6,456,1,0
70,BL,2014-12,-13,0,0,3.8,bark,36.58844,-121.89759,9.04,48.6,55.6,62.6,456,1,0
71,BL,2014-12,-13,0,0,3.2,bark,36.58784,-121.89818,9.04,48.6,55.6,62.6,456,1,0
72,BL,2014-12,-13,0,0,3.4,bark,36.58791,-121.89831,9.04,48.6,55.6,62.6,456,1,1
73,BL,2014-12,-13,0,0,3.35,wood piece,36.58791,-121.89831,9.04,48.6,55.6,62.6,456,1,1
74,BL,2014-12,-13,0,0,3.05,wood piece,36.58791,-121.89831,9.04,48.6,55.6,62.6,456,1,1
75,BL,2014-12,-13,0,0,4.01,bark,36.58784,-121.89818,9.04,48.6,55.6,62.6,456,1,0
76,BL,2014-12,-13,0,0,4.24,branch,36.58784,-121.89818,9.04,48.6,55.6,62.6,456,1,0
77,BL,2014-12,-21,0,0,3.54,log,36.58542,-121.89629,9.04,48.6,55.6,62.6,456,1,0
78,BL,2014-05,-9,0,0,2.88,log,36.58703,-121.89872,0.14,50.8,59.7,68.7,456,2,0
79,BL,2014-05,-9,0,0,3.11,log,36.58703,-121.89872,0.14,50.8,59.7,68.7,456,2,0
80,BL,2014-06,-7,0,0,2.85,wood piece,36.58765,-121.89785,0.02,50.2,58.1,66.1,456,2,0
81,BL,2014-06,-7,0,0,4,wood piece,36.58765,-121.89785,0.02,50.2,58.1,66.1,456,2,0
82,BL,2014-06,-7,0,0,3.42,rotting wood,36.58761,-121.89765,0.02,50.2,58.1,66.1,456,2,0
83,BL,2014-06,-7,0,0,3.28,rotting wood,36.58761,-121.89765,0.02,50.2,58.1,66.1,456,2,0
84,BL,2014-06,-8,0,0,4.03,wood piece,36.58724,-121.89817,0.02,50.2,58.1,66.1,456,2,0
85,BL,2014-06,-8,0,0,3.85,log,36.58719,-121.89821,0.02,50.2,58.1,66.1,456,2,0
86,BL,2014-06,-8,0,0,3.49,log,36.58731,-121.89808,0.02,50.2,58.1,66.1,456,2,0
87,BL,2014-06,-8,0,0,3.38,log,36.58731,-121.89808,0.02,50.2,58.1,66.1,456,2,0
88,BL,2014-07,-8,0,0,3.83,rotten log,36.58766,-121.89782,0.05,54.6,61.8,68.9,456,2,0
89,BL,2014-07,-8,0,0,3.79,rotten log,36.58766,-121.89782,0.05,54.6,61.8,68.9,456,2,0
90,BL,2014-07,-24,0,0,3.59,rotten log,36.58641,-121.89848,0.05,54.6,61.8,68.9,456,2,4
92,BL,2014-10,-18,0,0,3.6,log,36.58652,-121.89847,0.22,53.2,63.4,73.6,456,2,2
93,BL,2014-11,-12,0,0,3.11,log,36.58638,-121.89848,2.46,49.2,58.4,67.7,456,2,0
94,BL,2014-11,-12,0,0,3.19,log,36.58638,-121.89848,2.46,49.2,58.4,67.7,456,2,0
95,BL,2014-11,-12,0,0,3.62,log,36.58647,-121.89821,2.46,49.2,58.4,67.7,456,2,0
96,BL,2014-11,-12,0,0,3.47,log,36.58647,-121.89821,2.46,49.2,58.4,67.7,456,2,0
97,BL,2014-11,-23,0,0,3.42,branch,36.58706,-121.89876,2.46,49.2,58.4,67.7,456,2,0
98,BL,2014-11,-23,0,0,2.74,branch,36.58706,-121.89876,2.46,49.2,58.4,67.7,456,2,0
99,BL,2014-12,-13,0,0,3.98,log,36.58839,-121.89758,9.04,48.6,55.6,62.6,456,2,0
100,BL,2014-12,-13,0,0,3.39,log,36.58839,-121.89758,9.04,48.6,55.6,62.6,456,2,0
101,BL,2014-12,-13,0,0,3.51,bark,36.58831,-121.89766,9.04,48.6,55.6,62.6,456,2,0
102,BL,2014-12,-13,0,0,3.58,bark,36.58831,-121.89766,9.04,48.6,55.6,62.6,456,2,0
103,BL,2014-12,-13,0,0,3.08,wood piece,36.58833,-121.89764,9.04,48.6,55.6,62.6,456,2,0
104,BL,2014-12,-13,0,0,3.39,wood piece,36.58833,-121.89764,9.04,48.6,55.6,62.6,456,2,0
105,BL,2014-05,-4,0,0,2.88,log,36.58667,-121.89881,0.14,50.8,59.7,68.7,456,3,0
106,BL,2014-05,-4,0,0,3.15,log,36.58667,-121.89881,0.14,50.8,59.7,68.7,456,3,0
107,BL,2014-05,-4,0,0,2.98,log,36.58667,-121.89881,0.14,50.8,59.7,68.7,456,3,0
108,BL,2014-05,-9,0,0,2.69,log,36.58701,-121.89867,0.14,50.8,59.7,68.7,456,3,0
109,BL,2014-05,-9,0,0,3.13,log,36.58701,-121.89867,0.14,50.8,59.7,68.7,456,3,0
110,BL,2014-05,-9,0,0,3.04,log,36.58701,-121.89867,0.14,50.8,59.7,68.7,456,3,0
111,BL,2014-05,-10,0,0,3.11,log,36.58773,-121.89782,0.14,50.8,59.7,68.7,456,3,0
112,BL,2014-05,-10,0,0,3.36,log,36.58773,-121.89782,0.14,50.8,59.7,68.7,456,3,0
113,BL,2014-05,-10,0,0,3.38,log,36.58773,-121.89782,0.14,50.8,59.7,68.7,456,3,0
114,BL,2014-06,-8,0,0,4,branch,36.58709,-121.89835,0.02,50.2,58.1,66.1,456,3,0
115,BL,2014-06,-8,0,0,4.14,branch,36.58709,-121.89835,0.02,50.2,58.1,66.1,456,3,0
116,BL,2014-06,-8,0,0,3.25,log,36.58694,-121.89835,0.02,50.2,58.1,66.1,456,3,0
117,BL,2014-06,-8,0,0,3.62,log,36.58694,-121.89835,0.02,50.2,58.1,66.1,456,3,0
118,BL,2014-06,-8,0,0,3.45,log,36.58694,-121.89835,0.02,50.2,58.1,66.1,456,3,0
119,BL,2014-06,-8,0,0,3.87,rotten log,36.58689,-121.89846,0.02,50.2,58.1,66.1,456,3,0
120,BL,2014-06,-8,0,0,3,rotten log,36.58689,-121.89846,0.02,50.2,58.1,66.1,456,3,0
121,BL,2014-06,-8,0,0,3.7,rotten log,36.58689,-121.89846,0.02,50.2,58.1,66.1,456,3,0
122,BL,2014-07,-24,0,0,3.61,large log,36.58642,-121.89856,0.05,54.6,61.8,68.9,456,3,4
123,BL,2014-07,-24,0,0,4.33,log,36.58641,-121.89848,0.05,54.6,61.8,68.9,456,3,4
124,BL,2014-07,-24,0,0,3.56,log,36.58641,-121.89848,0.05,54.6,61.8,68.9,456,3,4
125,BL,2014-10,-18,0,0,4.13,rotten log,36.58642,-121.89856,0.22,53.2,63.4,73.6,456,3,2
126,BL,2014-11,-23,0,0,2.67,log,36.5871,-121.89879,2.46,49.2,58.4,67.7,456,3,0
127,BL,2014-11,-23,0,0,3.54,log,36.5871,-121.89879,2.46,49.2,58.4,67.7,456,3,0
128,BL,2014-11,-23,0,0,3.15,log,36.5871,-121.89879,2.46,49.2,58.4,67.7,456,3,0
129,BL,2014-12,-13,0,0,2.97,wood piece,36.58833,-121.89764,9.04,48.6,55.6,62.6,456,3,0
130,BL,2014-12,-13,0,0,2.84,wood piece,36.58833,-121.89764,9.04,48.6,55.6,62.6,456,3,0
131,BL,2014-12,-13,0,0,3.63,wood piece,36.58833,-121.89764,9.04,48.6,55.6,62.6,456,3,0
132,BL,2014-05,-10,0,0,3.11,log,36.5869,-121.89859,0.14,50.8,59.7,68.7,456,4,0
133,BL,2014-05,-10,0,0,3.36,log,36.5869,-121.89859,0.14,50.8,59.7,68.7,456,4,0
134,BL,2014-05,-10,0,0,3.38,log,36.5869,-121.89859,0.14,50.8,59.7,68.7,456,4,0
135,BL,2014-05,-10,0,0,3.34,log,36.5869,-121.89859,0.14,50.8,59.7,68.7,456,4,0
136,BL,2014-06,-7,0,0,3.75,log,36.58791,-121.89746,0.02,50.2,58.1,66.1,456,4,0
137,BL,2014-06,-7,0,0,3.11,log,36.58791,-121.89746,0.02,50.2,58.1,66.1,456,4,0
138,BL,2014-06,-7,0,0,3.62,log,36.58791,-121.89746,0.02,50.2,58.1,66.1,456,4,0
139,BL,2014-06,-7,0,0,3.43,log,36.58791,-121.89746,0.02,50.2,58.1,66.1,456,4,0
140,BL,2014-07,-8,0,0,3.35,rotting log pile,36.58652,-121.89853,0.05,54.6,61.8,68.9,456,4,0
141,BL,2014-07,-8,0,0,3.62,rotting log pile,36.58652,-121.89853,0.05,54.6,61.8,68.9,456,4,0
142,BL,2014-07,-8,0,0,3.7,rotting log pile,36.58652,-121.89853,0.05,54.6,61.8,68.9,456,4,0
143,BL,2014-07,-11,0,0,3.84,rotting log,36.58766,-121.89782,0.05,54.6,61.8,68.9,456,4,0
144,BL,2014-07,-11,0,0,3.41,rotting log,36.58766,-121.89782,0.05,54.6,61.8,68.9,456,4,0
145,BL,2014-07,-11,0,0,4.15,rotting log,36.58766,-121.89782,0.05,54.6,61.8,68.9,456,4,0
146,BL,2014-07,-11,0,0,3.81,rotting log,36.58766,-121.89782,0.05,54.6,61.8,68.9,456,4,0
150,BL,2014-05,-4,0,0,3.17,log,36.58668,-121.89877,0.14,50.8,59.7,68.7,456,5,0
151,BL,2014-05,-4,0,0,3.05,log,36.58668,-121.89877,0.14,50.8,59.7,68.7,456,5,0
152,BL,2014-05,-4,0,0,3.41,log,36.58668,-121.89877,0.14,50.8,59.7,68.7,456,5,0
153,BL,2014-05,-4,0,0,3.37,log,36.58668,-121.89877,0.14,50.8,59.7,68.7,456,5,0
154,BL,2014-05,-4,0,0,3.11,log,36.58668,-121.89877,0.14,50.8,59.7,68.7,456,5,0
155,BL,2014-05,-9,0,0,3.28,log,36.58679,-121.89892,0.14,50.8,59.7,68.7,456,5,0
156,BL,2014-05,-9,0,0,3.36,log,36.58679,-121.89892,0.14,50.8,59.7,68.7,456,5,0
157,BL,2014-05,-9,0,0,3.65,log,36.58679,-121.89892,0.14,50.8,59.7,68.7,456,5,0
158,BL,2014-05,-9,0,0,3.57,log,36.58679,-121.89892,0.14,50.8,59.7,68.7,456,5,0
159,BL,2014-05,-9,0,0,3.35,log,36.58679,-121.89892,0.14,50.8,59.7,68.7,456,5,0
160,BL,2014-06,-7,0,0,3.44,rotten log,36.58765,-121.89785,0.02,50.2,58.1,66.1,456,5,0
161,BL,2014-11,-12,0,0,3.64,wood piece,36.5886,-121.89697,2.46,49.2,58.4,67.7,456,5,0
162,BL,2014-11,-12,0,0,3.41,wood piece,36.5886,-121.89697,2.46,49.2,58.4,67.7,456,5,0
163,BL,2014-11,-12,0,0,2.66,wood piece,36.5886,-121.89697,2.46,49.2,58.4,67.7,456,5,0
164,BL,2014-11,-12,0,0,3.7,wood piece,36.5886,-121.89697,2.46,49.2,58.4,67.7,456,5,0
165,BL,2014-11,-12,0,0,2.75,wood piece,36.5886,-121.89697,2.46,49.2,58.4,67.7,456,5,0
166,BL,2014-05,-10,0,0,2.45,cut log,36.58772,-121.89769,0.14,50.8,59.7,68.7,456,7,0
167,BL,2014-05,-10,0,0,2.86,cut log,36.58772,-121.89769,0.14,50.8,59.7,68.7,456,7,0
168,BL,2014-05,-10,0,0,2.81,cut log,36.58772,-121.89769,0.14,50.8,59.7,68.7,456,7,0
169,BL,2014-05,-10,0,0,2.78,cut log,36.58772,-121.89769,0.14,50.8,59.7,68.7,456,7,0
170,BL,2014-05,-10,0,0,3.72,cut log,36.58772,-121.89769,0.14,50.8,59.7,68.7,456,7,0
171,BL,2014-05,-10,0,0,4.35,cut log,36.58772,-121.89769,0.14,50.8,59.7,68.7,456,7,0
172,BL,2014-05,-10,0,0,3.11,cut log,36.58772,-121.89769,0.14,50.8,59.7,68.7,456,7,0
173,BL,2014-05,-9,0,0,3.23,log,36.58675,-121.89881,0.14,50.8,59.7,68.7,456,8,0
174,BL,2014-05,-9,0,0,2.8,log,36.58675,-121.89881,0.14,50.8,59.7,68.7,456,8,0
175,BL,2014-05,-9,0,0,2.78,log,36.58675,-121.89881,0.14,50.8,59.7,68.7,456,8,0
176,BL,2014-05,-9,0,0,3.08,log,36.58675,-121.89881,0.14,50.8,59.7,68.7,456,8,0
177,BL,2014-05,-9,0,0,2.73,log,36.58675,-121.89881,0.14,50.8,59.7,68.7,456,8,0
178,BL,2014-05,-9,0,0,3.18,log,36.58675,-121.89881,0.14,50.8,59.7,68.7,456,8,0
179,BL,2014-05,-9,0,0,3.08,log,36.58675,-121.89881,0.14,50.8,59.7,68.7,456,8,0
180,BL,2014-05,-9,0,0,2.9,log,36.58675,-121.89881,0.14,50.8,59.7,68.7,456,8,0
181,BL,2014-07,-11,0,0,3.26,log,36.58641,-121.89848,0.05,54.6,61.8,68.9,456,20,0
182,BL,2014-07,-11,0,0,3.9,log,36.58641,-121.89848,0.05,54.6,61.8,68.9,456,20,0
183,BL,2014-07,-11,0,0,2.68,log,36.58641,-121.89848,0.05,54.6,61.8,68.9,456,20,0
184,BL,2014-07,-11,0,0,3.18,log,36.58641,-121.89848,0.05,54.6,61.8,68.9,456,20,0
185,BL,2014-07,-11,0,0,3.4,log,36.58641,-121.89848,0.05,54.6,61.8,68.9,456,20,0
186,BL,2014-07,-11,0,0,3.6,log,36.58641,-121.89848,0.05,54.6,61.8,68.9,456,20,0
187,BL,2014-07,-11,0,0,3.13,log,36.58641,-121.89848,0.05,54.6,61.8,68.9,456,20,0
188,BL,2014-07,-11,0,0,3.93,log,36.58641,-121.89848,0.05,54.6,61.8,68.9,456,20,0
189,BL,2014-07,-11,0,0,3.9,log,36.58641,-121.89848,0.05,54.6,61.8,68.9,456,20,0
190,BL,2014-07,-11,0,0,3.37,log- large fallen tree,36.58642,-121.89856,0.05,54.6,61.8,68.9,456,30,0
191,BL,2014-07,-24,0.06,1,3.55,log,36.58641,-121.89848,0.05,54.6,61.8,68.9,456,3,4
192,BL,2014-07,-11,0.23,1,3.06,log,36.58641,-121.89848,0.05,54.6,61.8,68.9,456,20,0
193,BL,2014-07,-11,0.32,1,3.33,log,36.58641,-121.89848,0.05,54.6,61.8,68.9,456,20,0
194,BL,2014-07,-11,0.35,1,3.42,log,36.58641,-121.89848,0.05,54.6,61.8,68.9,456,20,0
195,BL,2014-10,-18,0.43,1,3.34,rotten log,36.58642,-121.89856,0.22,53.2,63.4,73.6,456,3,2
196,BL,2014-07,-24,0.72,1,3.61,,36.58642,-121.89856,0.05,54.6,61.8,68.9,456,3,4
197,BL,2014-07,-24,0.84,1,3.22,,36.58642,-121.89856,0.05,54.6,61.8,68.9,456,3,4
198,BL,2014-07,-11,0.87,1,3.08,log,36.58641,-121.89848,0.05,54.6,61.8,68.9,456,20,0
199,BL,2014-07,-11,1.01,1,3.47,log- large fallen tree,36.58642,-121.89856,0.05,54.6,61.8,68.9,456,30,0
200,BL,2014-10,-18,1.71,1,3.08,log,36.58652,-121.89847,0.22,53.2,63.4,73.6,456,2,2
201,BL,2014-07,-24,1.86,1,3.43,log,36.58642,-121.89856,0.05,54.6,61.8,68.9,456,1,4
202,BL,2014-07,-11,2.02,1,3.59,log,36.58641,-121.89848,0.05,54.6,61.8,68.9,456,20,0
204,BL,2014-10,-18,2.53,1,3.98,rotten log,36.58642,-121.89856,0.22,53.2,63.4,73.6,456,3,2
205,BL,2014-07,-11,2.53,1,3.27,log,36.58641,-121.89848,0.05,54.6,61.8,68.9,456,20,0
206,BL,2014-07,-8,2.75,1,4.27,rotting log pile,36.58652,-121.89853,0.05,54.6,61.8,68.9,456,4,0
207,BL,2014-07,-11,2.85,1,3.8,log- large fallen tree,36.58642,-121.89856,0.05,54.6,61.8,68.9,456,30,0
208,BL,2014-07,-11,2.96,1,3.47,log- large fallen tree,36.58642,-121.89856,0.05,54.6,61.8,68.9,456,30,0
209,BL,2014-07,-11,3.61,1,3.27,log- large fallen tree,36.58642,-121.89856,0.05,54.6,61.8,68.9,456,30,0
210,BL,2014-11,-23,0,0,3.95,log,36.54436,-121.91775,2.35,50.5,57.6,64.7,128,1,0
211,BL,2014-11,-23,0,0,3.13,branch,36.54489,-121.91746,2.35,50.5,57.6,64.7,128,1,0
212,BL,2014-11,-23,0,0,3.05,log,36.54512,-121.91736,2.35,50.5,57.6,64.7,128,1,0
213,BL,2014-11,-23,0,0,3.15,log,36.54512,-121.91736,2.35,50.5,57.6,64.7,128,1,0
214,BL,2014-11,-23,0,0,3.28,wood piece,36.54508,-121.91734,2.35,50.5,57.6,64.7,128,1,0
215,BL,2014-11,-23,0,0,2.87,branch,36.54508,-121.91734,2.35,50.5,57.6,64.7,128,1,0
216,BL,2014-11,-23,0,0,2.81,branch,36.54497,-121.91737,2.35,50.5,57.6,64.7,128,1,0
217,BL,2014-11,-23,0,0,2.89,wood piece,36.54497,-121.91738,2.35,50.5,57.6,64.7,128,1,0
218,BL,2014-11,-23,0,0,2.78,pine cone,36.54497,-121.91738,2.35,50.5,57.6,64.7,128,1,0
219,BL,2014-11,-23,0,0,3.39,pine cone,36.54504,-121.91738,2.35,50.5,57.6,64.7,128,1,0
220,BL,2014-11,-23,0,0,2.9,pine cone,36.54504,-121.91738,2.35,50.5,57.6,64.7,128,1,0
221,BL,2014-12,-7,0,0,2.56,branch,36.54498,-121.91742,7.83,50.3,55.8,61.4,128,1,0
222,BL,2014-12,-7,0,0,2.21,leaf litter,36.54548,-121.91705,7.83,50.3,55.8,61.4,128,1,0
223,BL,2014-12,-7,0,0,3.11,log,36.54556,-121.91705,7.83,50.3,55.8,61.4,128,1,0
224,BL,2014-12,-7,0,0,3.14,bark pieces,36.54556,-121.91705,7.83,50.3,55.8,61.4,128,1,0
225,BL,2014-12,-7,0,0,3.1,,36.54556,-121.91705,7.83,50.3,55.8,61.4,128,1,0
226,BL,2014-12,-7,0,0,3.07,,36.54556,-121.91705,7.83,50.3,55.8,61.4,128,1,0
227,BL,2014-12,-7,0,0,3.39,,36.54556,-121.91705,7.83,50.3,55.8,61.4,128,1,0
228,BL,2014-12,-7,0,0,3.18,log,36.54742,-121.91727,7.83,50.3,55.8,61.4,128,1,0
229,BL,2014-12,-7,0,0,3.34,log,36.54783,-121.91702,7.83,50.3,55.8,61.4,128,1,0
230,BL,2014-12,-7,0,0,3.39,wood piece,36.54791,-121.91689,7.83,50.3,55.8,61.4,128,1,0
231,BL,2014-12,-7,0,0,3.14,log,36.54794,-121.91709,7.83,50.3,55.8,61.4,128,1,0
232,BL,2014-12,-7,0,0,3.22,bark,36.54791,-121.91689,7.83,50.3,55.8,61.4,128,1,0
233,BL,2014-12,-7,0,0,3.28,log,36.54794,-121.91709,7.83,50.3,55.8,61.4,128,1,0
234,BL,2014-11,-23,0,0,2.88,branch,36.54497,-121.91737,2.35,50.5,57.6,64.7,128,2,0
235,BL,2014-11,-23,0,0,3.05,branch,36.54497,-121.91737,2.35,50.5,57.6,64.7,128,2,0
236,BL,2014-12,-7,0,0,3.54,log,36.54771,-121.91722,7.83,50.3,55.8,61.4,128,2,0
237,BL,2014-12,-7,0,0,2.99,log,36.54771,-121.91722,7.83,50.3,55.8,61.4,128,2,0
238,BL,2014-12,-7,0,0,3.33,wood piece,36.54789,-121.91711,7.83,50.3,55.8,61.4,128,3,0
239,BL,2014-12,-7,0,0,3.15,wood piece,36.54789,-121.91711,7.83,50.3,55.8,61.4,128,3,0
240,BL,2014-12,-7,0,0,2.69,wood piece,36.54789,-121.91711,7.83,50.3,55.8,61.4,128,3,0
241,BL,2014-12,-7,0,0,2.59,branch,36.54515,-121.9173,7.83,50.3,55.8,61.4,128,4,0
242,BL,2014-12,-7,0,0,2.98,branch,36.54515,-121.9173,7.83,50.3,55.8,61.4,128,4,0
243,BL,2014-12,-7,0,0,2.93,branch,36.54515,-121.9173,7.83,50.3,55.8,61.4,128,4,0
244,BL,2014-12,-7,0,0,2.54,branch,36.54515,-121.9173,7.83,50.3,55.8,61.4,128,4,0
245,BL,2014-12,-7,0.66,1,4.07,leaf litter,36.54495,-121.91763,7.83,50.3,55.8,61.4,128,1,0
246,BL,2014-05,-3,0,0,2.4,rock,36.28282,-121.71684,0.15,53.2,62.1,71.1,3373,1,0
247,BL,2014-12,-20,0,0,3.47,log,36.38921,-121.54769,9.21,45,51.4,57.7,2162,1,0
248,BL,2014-12,-20,0,0,3.48,branch,36.38928,-121.54759,9.21,45,51.4,57.7,2162,1,0
249,BL,2014-12,-20,0,0,3.68,log,36.38928,-121.54759,9.21,45,51.4,57.7,2162,1,0
250,BL,2014-12,-20,0,0,3.47,log,36.38858,-121.54941,9.21,45,51.4,57.7,2162,1,0
251,BL,2014-12,-21,0,0,3.13,log,36.4661,-121.71293,7.95,45.5,54,62.4,719,1,0
252,BL,2014-05,-3,0.24,1,2.89,log,36.2805,-121.71822,0.15,53.2,62.1,71.1,3373,1,0
253,BL,2014-05,-3,0.57,1,2.8,rock,36.2805,-121.71822,0.15,53.2,62.1,71.1,3373,1,0
254,BL,2015-01,-17,0,0,3.04,on log under bark,36.609,-121.93091,0,46.6,54.9,63.1,72,1,0
255,BL,2015-01,-17,0,0,3.49,on log under bark,36.6088,-121.93087,0,46.6,54.9,63.1,72,1,0
256,BL,2015-01,-17,0,0,3.69,on log under bark,36.6088,-121.93087,0,46.6,54.9,63.1,72,1,0
257,BL,2015-01,-17,0,0,3.18,log,36.6093,-121.93083,0,46.6,54.9,63.1,72,1,1
258,BL,2015-01,-17,0,0,2.63,bark piece,36.60927,-121.93088,0,46.6,54.9,63.1,72,1,1
259,BL,2015-01,-17,0,0,3.48,bark,36.6082,-121.93118,0,46.6,54.9,63.1,72,1,0
260,BL,2015-01,-17,0,0,3.36,log,36.60785,-121.93118,0,46.6,54.9,63.1,72,1,0
261,BL,2015-01,-17,0,0,3.38,log,36.60833,-121.93122,0,46.6,54.9,63.1,72,1,0
262,BL,2015-01,-17,0,0,2.14,branch,36.60808,-121.93123,0,46.6,54.9,63.1,72,1,0
263,BL,2015-01,-18,0,0,3.25,log,36.60877,-121.93135,0,46.6,54.9,63.1,72,1,0
264,BL,2015-01,-18,0,0,3.01,branch,36.6087,-121.93142,0,46.6,54.9,63.1,72,1,0
265,BL,2015-01,-18,0,0,3.13,log,36.60871,-121.9315,0,46.6,54.9,63.1,72,1,0
266,BL,2015-01,-18,0,0,2.74,log,36.60882,-121.93207,0,46.6,54.9,63.1,72,1,0
267,BL,2015-01,-18,0,0,3.18,branch,36.60882,-121.93207,0,46.6,54.9,63.1,72,1,0
268,BL,2015-01,-18,0,0,3,wood piece,36.60884,-121.93214,0,46.6,54.9,63.1,72,1,0
269,BL,2015-01,-18,0,0,2.72,wood piece,36.60892,-121.93211,0,46.6,54.9,63.1,72,1,0
270,BL,2015-01,-18,0,0,4.1,wood piece,36.60894,-121.93236,0,46.6,54.9,63.1,72,1,0
271,BL,2015-01,-18,0,0,3.48,branch,36.60888,-121.93236,0,46.6,54.9,63.1,72,1,0
272,BL,2015-01,-18,0,0,3.29,log,36.60865,-121.93228,0,46.6,54.9,63.1,72,1,0
273,BL,2015-02,-6,0,0,3.26,log piece,36.60795,-121.9309,0.91,49.4,57.1,64.8,72,1,0
274,BL,2015-02,-6,0,0,3.46,log piece,36.60795,-121.9309,0.91,49.4,57.1,64.8,72,1,0
275,BL,2015-02,-6,0,0,3.49,log (oak),36.60794,-121.93108,0.91,49.4,57.1,64.8,72,1,0
276,BL,2015-02,-6,0,0,3.49,log (oak),36.6079,-121.931,0.91,49.4,57.1,64.8,72,1,0
277,BL,2015-02,-6,0,0,2.92,log (oak),36.6079,-121.931,0.91,49.4,57.1,64.8,72,1,0
278,BL,2015-02,-6,0,0,3.27,wood piece,36.60772,-121.93097,0.91,49.4,57.1,64.8,72,1,0
279,BL,2015-02,-6,0,0,3.04,log,36.60772,-121.93097,0.91,49.4,57.1,64.8,72,1,0
280,BL,2015-02,-6,0,0,2.94,branch (oak),36.60779,-121.93082,0.91,49.4,57.1,64.8,72,1,0
281,BL,2015-02,-6,0,0,2.64,branch (oak),36.60779,-121.93082,0.91,49.4,57.1,64.8,72,1,0
282,BL,2015-02,-6,0,0,2.87,log,36.60782,-121.93083,0.91,49.4,57.1,64.8,72,1,0
283,BL,2015-02,-6,0,0,2.81,log,36.60796,-121.93076,0.91,49.4,57.1,64.8,72,1,0
284,BL,2015-02,-8,0,0,3.23,log,36.60948,-121.93098,0.91,49.4,57.1,64.8,72,1,0
285,BL,2015-02,-8,0,0,2.91,bark,36.60946,-121.93082,0.91,49.4,57.1,64.8,72,1,0
286,BL,2015-02,-8,0,0,3.47,log,36.60961,-121.93145,0.91,49.4,57.1,64.8,72,1,0
287,BL,2015-02,-8,0,0,3.95,log,36.61007,-121.93138,0.91,49.4,57.1,64.8,72,1,0
288,BL,2015-02,-8,0,0,3.67,log,36.60985,-121.93178,0.91,49.4,57.1,64.8,72,1,0
289,BL,2015-02,-28,0,0,3.5,log,36.60966,-121.93049,0.91,49.4,57.1,64.8,72,1,0
290,BL,2015-02,-28,0,0,3.68,branch,36.60953,-121.93033,0.91,49.4,57.1,64.8,72,1,0
291,BL,2015-02,-28,0,0,2.95,log,36.60984,-121.93024,0.91,49.4,57.1,64.8,72,1,0
292,BL,2015-02,-28,0,0,3.38,log,36.60974,-121.93033,0.91,49.4,57.1,64.8,72,1,0
293,BL,2015-02,-28,0,0,2.49,branch,36.60984,-121.93028,0.91,49.4,57.1,64.8,72,1,0
294,BL,2015-02,-28,0,0,3.67,log,36.60984,-121.93028,0.91,49.4,57.1,64.8,72,1,0
295,BL,2015-02,-28,0,0,3.79,branch,36.60975,-121.92995,0.91,49.4,57.1,64.8,72,1,0
296,BL,2015-02,-28,0,0,3.49,branch,36.60998,-121.92976,0.91,49.4,57.1,64.8,72,1,0
297,BL,2015-02,-28,0,0,3.54,bark piece,36.61005,-121.92978,0.91,49.4,57.1,64.8,72,1,0
298,BL,2015-02,-28,0,0,3.55,bark piece,36.61005,-121.92978,0.91,49.4,57.1,64.8,72,1,0
299,BL,2015-02,-28,0,0,3.57,branch,36.61005,-121.92978,0.91,49.4,57.1,64.8,72,1,0
300,BL,2015-02,-28,0,0,3.67,bark piece,36.61005,-121.92978,0.91,49.4,57.1,64.8,72,1,0
301,BL,2015-02,-28,0,0,3.78,bark piece,36.61011,-121.92963,0.91,49.4,57.1,64.8,72,1,0
302,BL,2015-03,-1,0,0,4.28,log,36.61021,-121.92977,0.61,48.9,56.6,64.2,72,1,0
303,BL,2015-03,-1,0,0,3.1,wood piece,36.61021,-121.92977,0.61,48.9,56.6,64.2,72,1,0
304,BL,2015-03,-1,0,0,3.22,log,36.61057,-121.93011,0.61,48.9,56.6,64.2,72,1,0
305,BL,2015-03,-1,0,0,3.02,branch,36.61052,-121.93023,0.61,48.9,56.6,64.2,72,1,0
306,BL,2015-03,-1,0,0,3.4,wood piece,36.61052,-121.93023,0.61,48.9,56.6,64.2,72,1,0
307,BL,2015-03,-1,0,0,3.89,log,36.61102,-121.93072,0.61,48.9,56.6,64.2,72,1,1
308,BL,2015-03,-1,0,0,3.48,log,36.61102,-121.93072,0.61,48.9,56.6,64.2,72,1,1
309,BL,2015-03,-1,0,0,3.2,bark,36.61104,-121.93088,0.61,48.9,56.6,64.2,72,1,1
310,BL,2015-03,-1,0,0,3.82,bark,36.61104,-121.93088,0.61,48.9,56.6,64.2,72,1,1
311,BL,2015-03,-1,0,0,2.77,wood piece,36.61094,-121.93085,0.61,48.9,56.6,64.2,72,1,2
312,BL,2015-03,-1,0,0,3.39,log,36.6082,-121.9312,0.61,48.9,56.6,64.2,72,1,0
313,BL,2015-03,-1,0,0,3.52,wood piece,36.60804,-121.9312,0.61,48.9,56.6,64.2,72,1,0
314,BL,2015-03,-1,0,0,3.46,log,36.60792,-121.93108,0.61,48.9,56.6,64.2,72,1,0
315,BL,2015-01,-17,0,0,3.72,bark,36.609,-121.93091,0,46.6,54.9,63.1,72,2,0
316,BL,2015-01,-17,0,0,3.21,bark,36.609,-121.93091,0,46.6,54.9,63.1,72,2,0
317,BL,2015-01,-17,0,0,3.38,log,36.60923,-121.93085,0,46.6,54.9,63.1,72,2,1
318,BL,2015-01,-17,0,0,0,bark,36.60835,-121.93103,0,46.6,54.9,63.1,72,2,0
319,BL,2015-01,-17,0,0,3.27,log,36.60815,-121.93121,0,46.6,54.9,63.1,72,2,0
320,BL,2015-01,-17,0,0,3.74,log,36.60798,-121.93134,0,46.6,54.9,63.1,72,2,0
321,BL,2015-01,-17,0,0,3.55,log,36.60798,-121.93134,0,46.6,54.9,63.1,72,2,0
322,BL,2015-01,-18,0,0,3.6,branch,36.60857,-121.9314,0,46.6,54.9,63.1,72,2,0
323,BL,2015-01,-18,0,0,3.76,branch,36.60857,-121.9314,0,46.6,54.9,63.1,72,2,0
324,BL,2015-01,-18,0,0,3.09,branch,36.60879,-121.93211,0,46.6,54.9,63.1,72,2,0
325,BL,2015-01,-18,0,0,3.31,branch,36.60879,-121.93211,0,46.6,54.9,63.1,72,2,0
326,BL,2015-01,-18,0,0,3.46,,36.60882,-121.93207,0,46.6,54.9,63.1,72,2,0
327,BL,2015-01,-18,0,0,3.12,,36.60882,-121.93207,0,46.6,54.9,63.1,72,2,0
328,BL,2015-02,-8,0,0,3.44,log,36.60988,-121.93168,0.91,49.4,57.1,64.8,72,2,0
329,BL,2015-02,-8,0,0,3.31,log,36.60988,-121.93168,0.91,49.4,57.1,64.8,72,2,0
330,BL,2015-02,-8,0,0,3.29,log,36.60995,-121.93167,0.91,49.4,57.1,64.8,72,2,0
331,BL,2015-02,-8,0,0,3.75,log,36.60995,-121.93167,0.91,49.4,57.1,64.8,72,2,0
332,BL,2015-02,-28,0,0,3.61,log,36.60953,-121.93033,0.91,49.4,57.1,64.8,72,2,0
333,BL,2015-02,-28,0,0,3.42,log,36.60953,-121.93033,0.91,49.4,57.1,64.8,72,2,0
334,BL,2015-02,-28,0,0,3.14,log,36.60977,-121.93001,0.91,49.4,57.1,64.8,72,2,0
335,BL,2015-02,-28,0,0,3.25,log,36.60977,-121.93001,0.91,49.4,57.1,64.8,72,2,0
336,BL,2015-02,-28,0,0,3.48,bark piece,36.61,-121.92969,0.91,49.4,57.1,64.8,72,2,0
337,BL,2015-02,-28,0,0,3.2,bark piece,36.61,-121.92969,0.91,49.4,57.1,64.8,72,2,0
338,BL,2015-02,-28,0,0,3.85,log,36.61015,-121.9297,0.91,49.4,57.1,64.8,72,2,0
339,BL,2015-02,-28,0,0,3.46,log,36.61015,-121.9297,0.91,49.4,57.1,64.8,72,2,0
340,BL,2015-03,-1,0,0,3.63,log,36.61021,-121.92977,0.61,48.9,56.6,64.2,72,2,0
341,BL,2015-03,-1,0,0,3.14,log,36.61021,-121.92977,0.61,48.9,56.6,64.2,72,2,0
342,BL,2015-03,-1,0,0,2.93,branch,36.6103,-121.92989,0.61,48.9,56.6,64.2,72,2,0
343,BL,2015-03,-1,0,0,3.25,branch,36.6103,-121.92989,0.61,48.9,56.6,64.2,72,2,0
344,BL,2015-03,-1,0,0,3.32,log,36.60854,-121.93122,0.61,48.9,56.6,64.2,72,2,0
345,BL,2015-03,-1,0,0,3.52,log,36.60854,-121.93122,0.61,48.9,56.6,64.2,72,2,0
346,BL,2015-03,-1,0,0,3.13,log,36.60786,-121.93084,0.61,48.9,56.6,64.2,72,2,0
347,BL,2015-03,-1,0,0,3.45,log,36.60786,-121.93084,0.61,48.9,56.6,64.2,72,2,0
348,BL,2015-01,-18,0,0,3.7,log,36.60877,-121.93135,0,46.6,54.9,63.1,72,3,0
349,BL,2015-01,-18,0,0,3.08,log,36.60877,-121.93135,0,46.6,54.9,63.1,72,3,0
350,BL,2015-01,-18,0,0,3.31,log,36.60829,-121.93287,0,46.6,54.9,63.1,72,3,0
351,BL,2015-01,-18,0,0,3.13,log,36.60829,-121.93287,0,46.6,54.9,63.1,72,3,0
352,BL,2015-01,-18,0,0,3.13,log,36.60829,-121.93287,0,46.6,54.9,63.1,72,3,0
353,BL,2015-02,-6,0,0,3.62,log,36.60772,-121.93097,0.91,49.4,57.1,64.8,72,3,0
354,BL,2015-02,-6,0,0,4.1,log,36.60772,-121.93097,0.91,49.4,57.1,64.8,72,3,0
355,BL,2015-02,-6,0,0,2.62,log,36.60772,-121.93097,0.91,49.4,57.1,64.8,72,3,0
356,BL,2015-02,-28,0,0,3.04,log,36.60975,-121.92995,0.91,49.4,57.1,64.8,72,3,0
357,BL,2015-02,-28,0,0,3.46,log,36.60975,-121.92995,0.91,49.4,57.1,64.8,72,3,0
358,BL,2015-02,-28,0,0,3.91,log,36.60975,-121.92995,0.91,49.4,57.1,64.8,72,3,0
359,BL,2015-01,-17,0,0,3.27,bark,36.60835,-121.93103,0,46.6,54.9,63.1,72,4,0
360,BL,2015-01,-17,0,0,3.63,bark,36.60835,-121.93103,0,46.6,54.9,63.1,72,4,0
361,BL,2015-01,-17,0,0,4.02,bark,36.60835,-121.93103,0,46.6,54.9,63.1,72,4,0
362,BL,2015-02,-6,0,0,3.45,log,36.60795,-121.9309,0.91,49.4,57.1,64.8,72,4,0
363,BL,2015-02,-6,0,0,3.67,log,36.60795,-121.9309,0.91,49.4,57.1,64.8,72,4,0
364,BL,2015-02,-6,0,0,3.1,log,36.60795,-121.9309,0.91,49.4,57.1,64.8,72,4,0
365,BL,2015-02,-6,0,0,2.89,log,36.60795,-121.9309,0.91,49.4,57.1,64.8,72,4,0
366,BL,2015-01,-18,0,0,3.64,log,36.60877,-121.93135,0,46.6,54.9,63.1,72,6,0
367,BL,2015-01,-18,0,0,3.54,log,36.60877,-121.93135,0,46.6,54.9,63.1,72,6,0
368,BL,2015-01,-18,0,0,3.46,log,36.60877,-121.93135,0,46.6,54.9,63.1,72,6,0
369,BL,2015-01,-18,0,0,3.49,log,36.60877,-121.93135,0,46.6,54.9,63.1,72,6,0
370,BL,2015-01,-18,0,0,3.29,log,36.60877,-121.93135,0,46.6,54.9,63.1,72,6,0
371,BL,2015-02,-28,0,0,3.84,log,36.60972,-121.92998,0.91,49.4,57.1,64.8,72,6,0
372,BL,2015-02,-28,0,0,3.58,log,36.60972,-121.92998,0.91,49.4,57.1,64.8,72,6,0
373,BL,2015-02,-28,0,0,3.83,log,36.60972,-121.92998,0.91,49.4,57.1,64.8,72,6,0
374,BL,2015-02,-28,0,0,3.04,log,36.60972,-121.92998,0.91,49.4,57.1,64.8,72,6,0
375,BL,2015-02,-28,0,0,3.43,log,36.60972,-121.92998,0.91,49.4,57.1,64.8,72,6,0
376,BL,2015-01,-18,0.01,1,3.59,log,36.6085,-121.93272,0,46.6,54.9,63.1,72,2,0
377,BL,2015-02,-6,0.1,1,3.52,log (oak),36.6079,-121.931,0.91,49.4,57.1,64.8,72,2,0
378,BL,2015-01,-17,0.22,1,3.69,log,36.60815,-121.93121,0,46.6,54.9,63.1,72,2,0
379,BL,2015-01,-17,0.34,1,3.27,bark,36.6082,-121.93118,0,46.6,54.9,63.1,72,1,0
380,BL,2015-01,-18,0.58,1,3.46,log,36.60877,-121.93135,0,46.6,54.9,63.1,72,6,0
381,BL,2015-01,-17,0.89,1,3.27,log,36.60923,-121.93085,0,46.6,54.9,63.1,72,2,1
382,BL,2015-01,-17,0.89,1,3.99,bark,36.60835,-121.93103,0,46.6,54.9,63.1,72,4,0
383,BL,2015-01,-17,0.95,1,3.33,bark,36.60835,-121.93103,0,46.6,54.9,63.1,72,2,0
384,BL,2015-01,-17,1.09,1,3.21,log,36.6093,-121.93083,0,46.6,54.9,63.1,72,1,1
385,BL,2015-02,-28,1.13,1,3.02,branch,36.60984,-121.93015,0.91,49.4,57.1,64.8,72,1,0
386,BL,2015-01,-17,1.83,1,3.53,bark,36.60819,-121.93117,0,46.6,54.9,63.1,72,1,0
387,BL,2015-02,-28,1.87,1,3.02,log,36.60972,-121.92998,0.91,49.4,57.1,64.8,72,6,0
388,BL,2015-01,-18,2.18,1,3.61,log,36.6085,-121.93272,0,46.6,54.9,63.1,72,2,0
389,BL,2015-01,-18,2.47,1,3.28,log,36.60877,-121.93135,0,46.6,54.9,63.1,72,3,0
390,BL,2015-02,-6,2.76,1,3.49,log (oak),36.6079,-121.931,0.91,49.4,57.1,64.8,72,2,0
391,BL,2014-12,-21,0,0,3.51,log,36.59765,-121.91128,9.04,48.6,55.6,62.6,456,1,0
392,BL,2014-12,-21,0,0,3.13,log,36.59744,-121.91116,9.04,48.6,55.6,62.6,456,1,0
393,BL,2014-12,-21,0,0,3.68,log,36.59741,-121.91103,9.04,48.6,55.6,62.6,456,1,0
394,BL,2014-12,-21,0,0,3.8,wood piece,36.59741,-121.91103,9.04,48.6,55.6,62.6,456,1,0
395,BL,2014-12,-21,0,0,2.97,log,36.59734,-121.91106,9.04,48.6,55.6,62.6,456,1,0
396,BL,2014-12,-21,0,0,4.29,bark,36.59731,-121.91112,9.04,48.6,55.6,62.6,456,1,0
397,BL,2015-03,-1,0,0,4.78,log,36.59763,-121.9112,0.68,47.8,58.4,69,456,1,0
398,BL,2015-03,-1,0,0,4.27,log,36.59712,-121.91122,0.68,47.8,58.4,69,456,1,0
399,BL,2015-03,-1,0,0,3.67,log,36.59714,-121.91102,0.68,47.8,58.4,69,456,1,0
400,BL,2014-12,-21,0,0,3.25,bark pile,36.5974,-121.91119,9.04,48.6,55.6,62.6,456,2,0
401,BL,2014-12,-21,0,0,4.23,bark pile,36.5974,-121.91119,9.04,48.6,55.6,62.6,456,2,0
402,BL,2015-03,-1,0,0,3.82,log,36.59746,-121.91115,0.68,47.8,58.4,69,456,2,1
403,BL,2015-03,-1,0,0,3.38,log,36.59746,-121.91115,0.68,47.8,58.4,69,456,2,1
404,BL,2015-03,-1,0,0,3.9,log,36.5975,-121.91113,0.68,47.8,58.4,69,456,3,1
405,BL,2015-03,-1,0,0,3.71,log,36.5975,-121.91113,0.68,47.8,58.4,69,456,3,1
406,BL,2015-03,-1,2.45,1,3.7,log,36.5975,-121.91113,0.68,47.8,58.4,69,456,3,1